-- phpMyAdmin SQL Dump
-- version 4.8.5
-- https://www.phpmyadmin.net/
--
-- Host: 127.0.0.1
-- Waktu pembuatan: 02 Jun 2019 pada 19.57
-- Versi server: 10.1.39-MariaDB
-- Versi PHP: 7.3.5

SET SQL_MODE = "NO_AUTO_VALUE_ON_ZERO";
SET AUTOCOMMIT = 0;
START TRANSACTION;
SET time_zone = "+00:00";


/*!40101 SET @OLD_CHARACTER_SET_CLIENT=@@CHARACTER_SET_CLIENT */;
/*!40101 SET @OLD_CHARACTER_SET_RESULTS=@@CHARACTER_SET_RESULTS */;
/*!40101 SET @OLD_COLLATION_CONNECTION=@@COLLATION_CONNECTION */;
/*!40101 SET NAMES utf8mb4 */;

--
-- Database: `penjualan`
--

-- --------------------------------------------------------

--
-- Struktur dari tabel `pj_akses`
--

CREATE TABLE `pj_akses` (
  `id_akses` tinyint(1) UNSIGNED NOT NULL,
  `label` varchar(10) NOT NULL,
  `level_akses` varchar(15) NOT NULL
) ENGINE=MyISAM DEFAULT CHARSET=latin1;

--
-- Dumping data untuk tabel `pj_akses`
--

INSERT INTO `pj_akses` (`id_akses`, `label`, `level_akses`) VALUES
(1, 'admin', 'Administrator'),
(4, 'keuangan', 'Staff Keuangan');

-- --------------------------------------------------------

--
-- Struktur dari tabel `pj_barang`
--

CREATE TABLE `pj_barang` (
  `id_barang` int(1) UNSIGNED NOT NULL,
  `kode_barang` varchar(40) NOT NULL,
  `nama_barang` varchar(60) NOT NULL,
  `size` varchar(20) NOT NULL,
  `total_stok` mediumint(1) UNSIGNED NOT NULL,
  `harga` decimal(10,0) NOT NULL,
  `id_kategori_barang` mediumint(1) UNSIGNED NOT NULL,
  `id_merk_barang` mediumint(1) UNSIGNED DEFAULT NULL,
  `keterangan` text NOT NULL,
  `dihapus` enum('tidak','ya') NOT NULL
) ENGINE=MyISAM DEFAULT CHARSET=latin1;

--
-- Dumping data untuk tabel `pj_barang`
--

INSERT INTO `pj_barang` (`id_barang`, `kode_barang`, `nama_barang`, `size`, `total_stok`, `harga`, `id_kategori_barang`, `id_merk_barang`, `keterangan`, `dihapus`) VALUES
(1, '0001', 'Nike Sport C993', '', 4, '400000', 1, 2, '', 'tidak'),
(2, '0002', 'Runme Everynight Y98', '', 45, '120000', 3, 6, '', 'tidak'),
(3, '0003', 'My Lovely Bag 877', '', 29, '350000', 2, 3, '', 'tidak'),
(4, '0004', 'Quick Silver Gaul', '', 14, '35000', 3, 5, '', 'tidak'),
(5, '0005', 'My Cool Shoes', '', 39, '550000', 1, 2, '', 'tidak'),
(6, '3453453', 'Testing', '', 45, '929992', 1, 6, '', 'ya'),
(7, '9982429', 'Tes ada', '', 67, '600000', 3, 3, '', 'ya'),
(8, '8787829', 'Yes desk', '', 88, '999999', 1, 3, '', 'ya'),
(9, '0009', 'Test', '', 18, '100000', 3, 1, '', 'ya'),
(10, '99989', 'Test', '', 9, '99', 1, 2, '', 'ya'),
(11, '00010', 'Rinso', '', 17, '30000', 3, NULL, '', 'tidak'),
(12, '00011', 'mouse', '', 20, '20000', 3, 1, '', 'tidak'),
(13, '00012', 'Soklin Lantai', '', 20, '3000', 3, 1, '', 'tidak'),
(14, '00013', 'Beras Merah', '', 15, '2000', 3, 1, '', 'ya'),
(16, '00018', 'Testing', '', 20, '3000', 4, 3, '', 'ya'),
(17, '1212', 'gatel', '', 12, '80001', 4, NULL, '', 'tidak');

-- --------------------------------------------------------

--
-- Struktur dari tabel `pj_ci_sessions`
--

CREATE TABLE `pj_ci_sessions` (
  `id` varchar(40) NOT NULL,
  `ip_address` varchar(45) NOT NULL,
  `timestamp` int(10) UNSIGNED NOT NULL DEFAULT '0',
  `data` blob NOT NULL
) ENGINE=InnoDB DEFAULT CHARSET=latin1;

--
-- Dumping data untuk tabel `pj_ci_sessions`
--

INSERT INTO `pj_ci_sessions` (`id`, `ip_address`, `timestamp`, `data`) VALUES
('0icnf22dd5pgghf84qvl8j7qoe', '::1', 1559484099, 0x5f5f63695f6c6173745f726567656e65726174657c693a313535393438343039393b),
('di7aeottsdr7j830qrefftgepv', '::1', 1559484105, 0x61705f69645f757365727c733a313a2231223b61705f70617373776f72647c733a34303a2264303333653232616533343861656235363630666332313430616563333538353063346461393937223b61705f6e616d617c733a31303a2242616e672041646d696e223b61705f6c6576656c7c733a353a2261646d696e223b61705f6c6576656c5f63617074696f6e7c733a31333a2241646d696e6973747261746f72223b),
('phcc2ghiv5vdosccos14cmr03i', '::1', 1559484105, 0x5f5f63695f6c6173745f726567656e65726174657c693a313535393438343130353b),
('3qgoeogs6cfqdechsjok069mt8', '::1', 1559484105, 0x5f5f63695f6c6173745f726567656e65726174657c693a313535393438343130353b),
('s3219u3f94pk4hg84ua9thn2a3', '::1', 1559484118, 0x61705f69645f757365727c733a313a2231223b61705f70617373776f72647c733a34303a2264303333653232616533343861656235363630666332313430616563333538353063346461393937223b61705f6e616d617c733a31303a2242616e672041646d696e223b61705f6c6576656c7c733a353a2261646d696e223b61705f6c6576656c5f63617074696f6e7c733a31333a2241646d696e6973747261746f72223b),
('61edjs0tgf6ni4edmcr365s9vv', '::1', 1559484118, 0x5f5f63695f6c6173745f726567656e65726174657c693a313535393438343131383b),
('fg3r1vv8hemr2rccs85n78qg55', '::1', 1559484118, 0x5f5f63695f6c6173745f726567656e65726174657c693a313535393438343131383b),
('4v7e0ncs2u1rum71kte1pqqk50', '::1', 1559484134, 0x61705f69645f757365727c733a313a2231223b61705f70617373776f72647c733a34303a2264303333653232616533343861656235363630666332313430616563333538353063346461393937223b61705f6e616d617c733a31303a2242616e672041646d696e223b61705f6c6576656c7c733a353a2261646d696e223b61705f6c6576656c5f63617074696f6e7c733a31333a2241646d696e6973747261746f72223b),
('ra1ofqn0h609bqvsivpubs4jik', '::1', 1559484134, 0x5f5f63695f6c6173745f726567656e65726174657c693a313535393438343133343b),
('5j2bn6ple5ktacejdb7uju52h6', '::1', 1559484134, 0x5f5f63695f6c6173745f726567656e65726174657c693a313535393438343133343b),
('fc3oqmdj92nvp1i66mj3vbtqmb', '::1', 1559484165, 0x61705f69645f757365727c733a313a2232223b61705f70617373776f72647c733a34303a2238363931653466633533623939646135343463653836653232616362613632643133333532656666223b61705f6e616d617c733a373a2243656e74696e69223b61705f6c6576656c7c733a353a226b61736972223b61705f6c6576656c5f63617074696f6e7c733a31313a225374616666204b61736972223b),
('dbki30keku3fc0gbpiladj5207', '::1', 1559484165, 0x5f5f63695f6c6173745f726567656e65726174657c693a313535393438343136353b),
('8omg91hgik6em5fooglgtjhs61', '::1', 1559484166, 0x5f5f63695f6c6173745f726567656e65726174657c693a313535393438343136363b),
('3n5bjahp7nun78jgeg55g2i0gk', '::1', 1559484167, ''),
('iqe4h67minehtqscblt12r899n', '::1', 1559484170, ''),
('di6bopsgm5216b5tl413uqpujs', '::1', 1559484172, ''),
('b372alemhfbh2mtjpfq3leel7ois1djk', '::1', 1559484650, 0x5f5f63695f6c6173745f726567656e65726174657c693a313535393438343635303b61705f69645f757365727c733a313a2231223b61705f70617373776f72647c733a34303a2264303333653232616533343861656235363630666332313430616563333538353063346461393937223b61705f6e616d617c733a31303a2242616e672041646d696e223b61705f6c6576656c7c733a353a2261646d696e223b61705f6c6576656c5f63617074696f6e7c733a31333a2241646d696e6973747261746f72223b),
('fvq7ulraoud3ucsl23fl7flg4fp0ldu9', '::1', 1559485053, 0x5f5f63695f6c6173745f726567656e65726174657c693a313535393438353035333b61705f69645f757365727c733a313a2231223b61705f70617373776f72647c733a34303a2264303333653232616533343861656235363630666332313430616563333538353063346461393937223b61705f6e616d617c733a31303a2242616e672041646d696e223b61705f6c6576656c7c733a353a2261646d696e223b61705f6c6576656c5f63617074696f6e7c733a31333a2241646d696e6973747261746f72223b),
('kuiuqu720a4cvefc41326617ki9hirdv', '::1', 1559485379, 0x5f5f63695f6c6173745f726567656e65726174657c693a313535393438353337393b61705f69645f757365727c733a313a2231223b61705f70617373776f72647c733a34303a2264303333653232616533343861656235363630666332313430616563333538353063346461393937223b61705f6e616d617c733a31303a2242616e672041646d696e223b61705f6c6576656c7c733a353a2261646d696e223b61705f6c6576656c5f63617074696f6e7c733a31333a2241646d696e6973747261746f72223b),
('vtjcdcpgep7adv93ngip9sj87rereio4', '::1', 1559486178, 0x5f5f63695f6c6173745f726567656e65726174657c693a313535393438363137383b61705f69645f757365727c733a313a2231223b61705f70617373776f72647c733a34303a2264303333653232616533343861656235363630666332313430616563333538353063346461393937223b61705f6e616d617c733a31303a2242616e672041646d696e223b61705f6c6576656c7c733a353a2261646d696e223b61705f6c6576656c5f63617074696f6e7c733a31333a2241646d696e6973747261746f72223b),
('vdim5p59m9n87m5meoo94555lun5p7p9', '::1', 1559486698, 0x5f5f63695f6c6173745f726567656e65726174657c693a313535393438363639383b61705f69645f757365727c733a313a2231223b61705f70617373776f72647c733a34303a2264303333653232616533343861656235363630666332313430616563333538353063346461393937223b61705f6e616d617c733a31303a2242616e672041646d696e223b61705f6c6576656c7c733a353a2261646d696e223b61705f6c6576656c5f63617074696f6e7c733a31333a2241646d696e6973747261746f72223b),
('kjah4dit5p876co1ti3m1dvc3at00985', '::1', 1559488430, 0x5f5f63695f6c6173745f726567656e65726174657c693a313535393438383433303b61705f69645f757365727c733a313a2231223b61705f70617373776f72647c733a34303a2264303333653232616533343861656235363630666332313430616563333538353063346461393937223b61705f6e616d617c733a31303a2242616e672041646d696e223b61705f6c6576656c7c733a353a2261646d696e223b61705f6c6576656c5f63617074696f6e7c733a31333a2241646d696e6973747261746f72223b),
('gtefjhr8ogad964kes3efpnse47inb3s', '::1', 1559488837, 0x5f5f63695f6c6173745f726567656e65726174657c693a313535393438383833373b61705f69645f757365727c733a313a2231223b61705f70617373776f72647c733a34303a2264303333653232616533343861656235363630666332313430616563333538353063346461393937223b61705f6e616d617c733a31303a2242616e672041646d696e223b61705f6c6576656c7c733a353a2261646d696e223b61705f6c6576656c5f63617074696f6e7c733a31333a2241646d696e6973747261746f72223b),
('82jdjo60ta0n3sbutvqunsq12g5lneek', '::1', 1559489214, 0x5f5f63695f6c6173745f726567656e65726174657c693a313535393438393231343b61705f69645f757365727c733a313a2231223b61705f70617373776f72647c733a34303a2264303333653232616533343861656235363630666332313430616563333538353063346461393937223b61705f6e616d617c733a31303a2242616e672041646d696e223b61705f6c6576656c7c733a353a2261646d696e223b61705f6c6576656c5f63617074696f6e7c733a31333a2241646d696e6973747261746f72223b),
('5t2t2v5gm1msumpnr02vjsiooe3bfhds', '::1', 1559489561, 0x5f5f63695f6c6173745f726567656e65726174657c693a313535393438393536313b61705f69645f757365727c733a313a2231223b61705f70617373776f72647c733a34303a2264303333653232616533343861656235363630666332313430616563333538353063346461393937223b61705f6e616d617c733a31303a2242616e672041646d696e223b61705f6c6576656c7c733a353a2261646d696e223b61705f6c6576656c5f63617074696f6e7c733a31333a2241646d696e6973747261746f72223b),
('ijdmpe5esamr4ld596nf9fi7lf5uchq3', '::1', 1559489879, 0x5f5f63695f6c6173745f726567656e65726174657c693a313535393438393837393b61705f69645f757365727c733a313a2231223b61705f70617373776f72647c733a34303a2264303333653232616533343861656235363630666332313430616563333538353063346461393937223b61705f6e616d617c733a31303a2242616e672041646d696e223b61705f6c6576656c7c733a353a2261646d696e223b61705f6c6576656c5f63617074696f6e7c733a31333a2241646d696e6973747261746f72223b),
('nj93lak599ld3es0dr6334s9dmut4ol0', '::1', 1559490191, 0x5f5f63695f6c6173745f726567656e65726174657c693a313535393439303139313b61705f69645f757365727c733a313a2231223b61705f70617373776f72647c733a34303a2264303333653232616533343861656235363630666332313430616563333538353063346461393937223b61705f6e616d617c733a31303a2242616e672041646d696e223b61705f6c6576656c7c733a353a2261646d696e223b61705f6c6576656c5f63617074696f6e7c733a31333a2241646d696e6973747261746f72223b),
('dt0f050lptlesrpncchp0qvr538hfun5', '::1', 1559490497, 0x5f5f63695f6c6173745f726567656e65726174657c693a313535393439303439373b61705f69645f757365727c733a313a2231223b61705f70617373776f72647c733a34303a2264303333653232616533343861656235363630666332313430616563333538353063346461393937223b61705f6e616d617c733a31303a2242616e672041646d696e223b61705f6c6576656c7c733a353a2261646d696e223b61705f6c6576656c5f63617074696f6e7c733a31333a2241646d696e6973747261746f72223b),
('odcp68g1bbf7b73tj97ohdb8iqmpcp3m', '::1', 1559490844, 0x5f5f63695f6c6173745f726567656e65726174657c693a313535393439303834343b61705f69645f757365727c733a313a2231223b61705f70617373776f72647c733a34303a2264303333653232616533343861656235363630666332313430616563333538353063346461393937223b61705f6e616d617c733a31303a2242616e672041646d696e223b61705f6c6576656c7c733a353a2261646d696e223b61705f6c6576656c5f63617074696f6e7c733a31333a2241646d696e6973747261746f72223b),
('r4av7hgcgbkc1gq3pkniftus005eu6jm', '::1', 1559491149, 0x5f5f63695f6c6173745f726567656e65726174657c693a313535393439313134393b61705f69645f757365727c733a313a2231223b61705f70617373776f72647c733a34303a2264303333653232616533343861656235363630666332313430616563333538353063346461393937223b61705f6e616d617c733a31303a2242616e672041646d696e223b61705f6c6576656c7c733a353a2261646d696e223b61705f6c6576656c5f63617074696f6e7c733a31333a2241646d696e6973747261746f72223b),
('9hlrn1nmsnagun4icb99omt1jif8r7re', '::1', 1559491454, 0x5f5f63695f6c6173745f726567656e65726174657c693a313535393439313435343b61705f69645f757365727c733a313a2231223b61705f70617373776f72647c733a34303a2264303333653232616533343861656235363630666332313430616563333538353063346461393937223b61705f6e616d617c733a31303a2242616e672041646d696e223b61705f6c6576656c7c733a353a2261646d696e223b61705f6c6576656c5f63617074696f6e7c733a31333a2241646d696e6973747261746f72223b),
('nkr956u60rqusrik2fqftvm1b9cervpg', '::1', 1559491759, 0x5f5f63695f6c6173745f726567656e65726174657c693a313535393439313735393b61705f69645f757365727c733a313a2231223b61705f70617373776f72647c733a34303a2264303333653232616533343861656235363630666332313430616563333538353063346461393937223b61705f6e616d617c733a31303a2242616e672041646d696e223b61705f6c6576656c7c733a353a2261646d696e223b61705f6c6576656c5f63617074696f6e7c733a31333a2241646d696e6973747261746f72223b),
('h7es1i2kmolgtat3u0eh4fu0vtu3p3r2', '::1', 1559492060, 0x5f5f63695f6c6173745f726567656e65726174657c693a313535393439323036303b61705f69645f757365727c733a313a2231223b61705f70617373776f72647c733a34303a2264303333653232616533343861656235363630666332313430616563333538353063346461393937223b61705f6e616d617c733a31303a2242616e672041646d696e223b61705f6c6576656c7c733a353a2261646d696e223b61705f6c6576656c5f63617074696f6e7c733a31333a2241646d696e6973747261746f72223b),
('u5jcqk5fk9rmtt6tv4a0or7hojgjbuaj', '::1', 1559492373, 0x5f5f63695f6c6173745f726567656e65726174657c693a313535393439323337333b61705f69645f757365727c733a313a2231223b61705f70617373776f72647c733a34303a2264303333653232616533343861656235363630666332313430616563333538353063346461393937223b61705f6e616d617c733a31303a2242616e672041646d696e223b61705f6c6576656c7c733a353a2261646d696e223b61705f6c6576656c5f63617074696f6e7c733a31333a2241646d696e6973747261746f72223b),
('t2mj9fr371mmkt691es6chr184nedqoi', '::1', 1559492677, 0x5f5f63695f6c6173745f726567656e65726174657c693a313535393439323637373b61705f69645f757365727c733a313a2231223b61705f70617373776f72647c733a34303a2264303333653232616533343861656235363630666332313430616563333538353063346461393937223b61705f6e616d617c733a31303a2242616e672041646d696e223b61705f6c6576656c7c733a353a2261646d696e223b61705f6c6576656c5f63617074696f6e7c733a31333a2241646d696e6973747261746f72223b),
('fj0it24ufqkj5bt9htm3ocna06s4ul1r', '::1', 1559493083, 0x5f5f63695f6c6173745f726567656e65726174657c693a313535393439333038333b61705f69645f757365727c733a313a2231223b61705f70617373776f72647c733a34303a2264303333653232616533343861656235363630666332313430616563333538353063346461393937223b61705f6e616d617c733a31303a2242616e672041646d696e223b61705f6c6576656c7c733a353a2261646d696e223b61705f6c6576656c5f63617074696f6e7c733a31333a2241646d696e6973747261746f72223b),
('9abcen5konq9svlaoup2lgco20th9n15', '::1', 1559493545, 0x5f5f63695f6c6173745f726567656e65726174657c693a313535393439333534353b61705f69645f757365727c733a313a2231223b61705f70617373776f72647c733a34303a2264303333653232616533343861656235363630666332313430616563333538353063346461393937223b61705f6e616d617c733a31303a2242616e672041646d696e223b61705f6c6576656c7c733a353a2261646d696e223b61705f6c6576656c5f63617074696f6e7c733a31333a2241646d696e6973747261746f72223b),
('9u9cl8oqib3rn72v2qe17326uvfr8gmr', '::1', 1559494189, 0x5f5f63695f6c6173745f726567656e65726174657c693a313535393439343138393b61705f69645f757365727c733a313a2231223b61705f70617373776f72647c733a34303a2264303333653232616533343861656235363630666332313430616563333538353063346461393937223b61705f6e616d617c733a31303a2242616e672041646d696e223b61705f6c6576656c7c733a353a2261646d696e223b61705f6c6576656c5f63617074696f6e7c733a31333a2241646d696e6973747261746f72223b),
('mmuo6mksuborpfnfk1p07c9h6abii3nh', '::1', 1559494512, 0x5f5f63695f6c6173745f726567656e65726174657c693a313535393439343531323b61705f69645f757365727c733a313a2231223b61705f70617373776f72647c733a34303a2264303333653232616533343861656235363630666332313430616563333538353063346461393937223b61705f6e616d617c733a31303a2242616e672041646d696e223b61705f6c6576656c7c733a353a2261646d696e223b61705f6c6576656c5f63617074696f6e7c733a31333a2241646d696e6973747261746f72223b),
('1sqcagjtdc98rcgqreqs8f0bbtmn7vfn', '::1', 1559494815, 0x5f5f63695f6c6173745f726567656e65726174657c693a313535393439343831353b61705f69645f757365727c733a313a2231223b61705f70617373776f72647c733a34303a2264303333653232616533343861656235363630666332313430616563333538353063346461393937223b61705f6e616d617c733a31303a2242616e672041646d696e223b61705f6c6576656c7c733a353a2261646d696e223b61705f6c6576656c5f63617074696f6e7c733a31333a2241646d696e6973747261746f72223b),
('qte8ugb00u2upuoq4ttmkue7loff0gao', '::1', 1559495146, 0x5f5f63695f6c6173745f726567656e65726174657c693a313535393439353134363b61705f69645f757365727c733a313a2231223b61705f70617373776f72647c733a34303a2264303333653232616533343861656235363630666332313430616563333538353063346461393937223b61705f6e616d617c733a31303a2242616e672041646d696e223b61705f6c6576656c7c733a353a2261646d696e223b61705f6c6576656c5f63617074696f6e7c733a31333a2241646d696e6973747261746f72223b),
('rduiosvt72ismff11ri3nodhoqidri3c', '::1', 1559495517, 0x5f5f63695f6c6173745f726567656e65726174657c693a313535393439353531373b),
('3g8d229mi8cfi6no978rldrfhkgedf9c', '::1', 1559496291, 0x5f5f63695f6c6173745f726567656e65726174657c693a313535393439363239313b61705f69645f757365727c733a323a223130223b61705f70617373776f72647c733a34303a2234306264303031353633303835666333353136353332396561316666356335656362646262656566223b61705f6e616d617c733a353a2272697a6b69223b61705f6c6576656c7c733a383a226b6575616e67616e223b61705f6c6576656c5f63617074696f6e7c733a31343a225374616666204b6575616e67616e223b),
('7tbrng7rvev1dodlll9gufm88rkvj5ko', '::1', 1559496794, 0x5f5f63695f6c6173745f726567656e65726174657c693a313535393439363739343b61705f69645f757365727c733a313a2231223b61705f70617373776f72647c733a34303a2264303333653232616533343861656235363630666332313430616563333538353063346461393937223b61705f6e616d617c733a32323a224d616d616e2053756b616e612c532e53692e2c417074223b61705f6c6576656c7c733a353a2261646d696e223b61705f6c6576656c5f63617074696f6e7c733a31333a2241646d696e6973747261746f72223b),
('5ibu36toeaqfg9u4popcmcjloa7ga08i', '::1', 1559497186, 0x5f5f63695f6c6173745f726567656e65726174657c693a313535393439373138363b61705f69645f757365727c733a313a2231223b61705f70617373776f72647c733a34303a2264303333653232616533343861656235363630666332313430616563333538353063346461393937223b61705f6e616d617c733a32323a224d616d616e2053756b616e612c532e53692e2c417074223b61705f6c6576656c7c733a353a2261646d696e223b61705f6c6576656c5f63617074696f6e7c733a31333a2241646d696e6973747261746f72223b),
('4lo4t0uhi9tctcokkvkpvus5fpou2elo', '::1', 1559497535, 0x5f5f63695f6c6173745f726567656e65726174657c693a313535393439373533353b61705f69645f757365727c733a313a2231223b61705f70617373776f72647c733a34303a2264303333653232616533343861656235363630666332313430616563333538353063346461393937223b61705f6e616d617c733a32323a224d616d616e2053756b616e612c532e53692e2c417074223b61705f6c6576656c7c733a353a2261646d696e223b61705f6c6576656c5f63617074696f6e7c733a31333a2241646d696e6973747261746f72223b),
('bm68p7occ8bs3vijijjajqr2notqu8co', '::1', 1559497861, 0x5f5f63695f6c6173745f726567656e65726174657c693a313535393439373836313b61705f69645f757365727c733a313a2231223b61705f70617373776f72647c733a34303a2264303333653232616533343861656235363630666332313430616563333538353063346461393937223b61705f6e616d617c733a32323a224d616d616e2053756b616e612c532e53692e2c417074223b61705f6c6576656c7c733a353a2261646d696e223b61705f6c6576656c5f63617074696f6e7c733a31333a2241646d696e6973747261746f72223b),
('edi41tta4jtsuhpufn91ar371kpql337', '::1', 1559497889, 0x5f5f63695f6c6173745f726567656e65726174657c693a313535393439373836313b61705f69645f757365727c733a313a2231223b61705f70617373776f72647c733a34303a2264303333653232616533343861656235363630666332313430616563333538353063346461393937223b61705f6e616d617c733a32323a224d616d616e2053756b616e612c532e53692e2c417074223b61705f6c6576656c7c733a353a2261646d696e223b61705f6c6576656c5f63617074696f6e7c733a31333a2241646d696e6973747261746f72223b);

-- --------------------------------------------------------

--
-- Struktur dari tabel `pj_kategori_barang`
--

CREATE TABLE `pj_kategori_barang` (
  `id_kategori_barang` mediumint(1) UNSIGNED NOT NULL,
  `kategori` varchar(40) NOT NULL,
  `dihapus` enum('tidak','ya') NOT NULL
) ENGINE=MyISAM DEFAULT CHARSET=latin1;

--
-- Dumping data untuk tabel `pj_kategori_barang`
--

INSERT INTO `pj_kategori_barang` (`id_kategori_barang`, `kategori`, `dihapus`) VALUES
(1, 'Sepatu', 'ya'),
(2, 'Tas', 'ya'),
(3, 'Baju', 'ya'),
(4, 'Celana', 'ya'),
(5, 'Topi', 'ya'),
(6, 'Gelang', 'ya'),
(7, 'Jam', 'ya'),
(8, 'Topi', 'ya'),
(9, 'Generik', 'tidak');

-- --------------------------------------------------------

--
-- Struktur dari tabel `pj_merk_barang`
--

CREATE TABLE `pj_merk_barang` (
  `id_merk_barang` mediumint(1) UNSIGNED NOT NULL,
  `merk` varchar(40) NOT NULL,
  `dihapus` enum('tidak','ya') NOT NULL
) ENGINE=MyISAM DEFAULT CHARSET=latin1;

--
-- Dumping data untuk tabel `pj_merk_barang`
--

INSERT INTO `pj_merk_barang` (`id_merk_barang`, `merk`, `dihapus`) VALUES
(1, 'Adidas', 'tidak'),
(2, 'Nike', 'tidak'),
(3, 'BodyPack', 'tidak'),
(4, 'Jansport', 'tidak'),
(5, 'Nevada', 'tidak'),
(6, 'Jackloth', 'tidak'),
(7, 'Pierro', 'ya'),
(8, 'Pierro', 'ya'),
(9, 'Pierro', 'ya'),
(10, 'Converse', 'tidak'),
(11, 'Piero', 'ya'),
(12, 'Teen', 'ya'),
(13, 'adass2', 'ya'),
(14, 'asda', 'ya'),
(15, 'sada3', 'ya'),
(16, 'asda 3', 'ya'),
(17, '333', 'ya');

-- --------------------------------------------------------

--
-- Struktur dari tabel `pj_pelanggan`
--

CREATE TABLE `pj_pelanggan` (
  `id_pelanggan` mediumint(1) UNSIGNED NOT NULL,
  `nama` varchar(40) NOT NULL,
  `alamat` text,
  `telp` varchar(40) DEFAULT NULL,
  `info_tambahan` text,
  `kode_unik` varchar(30) NOT NULL,
  `waktu_input` datetime NOT NULL,
  `dihapus` enum('tidak','ya') NOT NULL
) ENGINE=MyISAM DEFAULT CHARSET=latin1;

--
-- Dumping data untuk tabel `pj_pelanggan`
--

INSERT INTO `pj_pelanggan` (`id_pelanggan`, `nama`, `alamat`, `telp`, `info_tambahan`, `kode_unik`, `waktu_input`, `dihapus`) VALUES
(1, 'Pak Udin', 'Jalan Kayumanis 2 Baru', '08838493439', 'Testtt', '', '2016-05-07 22:44:25', 'ya'),
(2, 'Pak Jarwo', 'Kemanggisan deket binus', '4353535353', NULL, '', '2016-05-07 22:44:49', 'tidak'),
(3, 'Joko', 'Kayumanis', '08773682882', '', '', '2016-05-23 16:31:47', 'tidak'),
(4, 'Budi', 'Salemba', '089930393829', 'Testing', '', '2016-05-23 16:33:00', 'ya'),
(5, 'Mira', 'Pisangan', '09938829232', '', '', '2016-05-23 16:36:45', 'tidak'),
(6, 'Deden', 'Jauh', '990393', 'Test', '', '2016-05-24 20:54:58', 'ya'),
(7, 'Jamil', 'Berlan', '0934934939', '', '14640998941', '2016-05-24 21:24:54', 'tidak'),
(8, 'Budi', 'Jatinegara', '8349393439', '', '14640999321', '2016-05-24 21:25:32', 'tidak'),
(9, 'Kodok', 'Test', '0000', '', '14641003271', '2016-05-24 21:32:07', 'tidak'),
(10, 'Brandon', 'Test', '99030', '', '14641003401', '2016-05-24 21:32:20', 'tidak'),
(11, 'Broke', 'Test', '9900', 'Test', '14641005481', '2016-05-24 21:35:48', 'tidak'),
(12, 'Narji', 'Test', '000', 'Test', '14641006401', '2016-05-24 21:37:20', 'tidak'),
(13, 'Bernard', 'Test', '0000', 'test', '14641006651', '2016-05-24 21:37:45', 'tidak'),
(14, 'Nani', 'Test\r\n\r\nAja', '0000', 'Test\r\n\r\nAja', '14641016551', '2016-05-24 21:54:15', 'ya'),
(15, 'Norman', 'Test', '0039349', '', '14641017311', '2016-05-24 21:55:31', 'tidak'),
(16, 'Melina', 'Jauh', '9900039', 'Test', '14661682871', '2016-06-17 19:58:07', 'tidak'),
(17, 'Malih', 'test', '3434343', '', '14729767201', '2016-09-04 15:12:00', 'tidak'),
(18, 'jaka', 'jaka', '0000', 'jaka', '14729767881', '2016-09-04 15:13:08', 'tidak'),
(19, 'makak', 'kkk', '999', 'kakad', '14729768261', '2016-09-04 15:13:46', 'tidak'),
(20, 'asda', 'asda', '2342', 'asdad', '14729768371', '2016-09-04 15:13:57', 'tidak'),
(21, 'asdadadasdad', 'test', '324', 'asdadad', '14729768481', '2016-09-04 15:14:08', 'tidak'),
(22, 'jajang', 'adadad', '9029421', '', '15594948791', '2019-06-03 00:01:19', 'tidak');

-- --------------------------------------------------------

--
-- Struktur dari tabel `pj_penjualan_detail`
--

CREATE TABLE `pj_penjualan_detail` (
  `id_penjualan_d` int(1) UNSIGNED NOT NULL,
  `id_penjualan_m` int(1) UNSIGNED NOT NULL,
  `id_barang` int(1) NOT NULL,
  `jumlah_beli` smallint(1) UNSIGNED NOT NULL,
  `harga_satuan` decimal(10,0) NOT NULL,
  `total` decimal(10,0) NOT NULL
) ENGINE=MyISAM DEFAULT CHARSET=latin1;

--
-- Dumping data untuk tabel `pj_penjualan_detail`
--

INSERT INTO `pj_penjualan_detail` (`id_penjualan_d`, `id_penjualan_m`, `id_barang`, `jumlah_beli`, `harga_satuan`, `total`) VALUES
(2, 2, 2, 1, '120000', '120000'),
(3, 2, 4, 1, '35000', '35000'),
(4, 3, 3, 1, '350000', '350000'),
(5, 4, 2, 1, '120000', '120000'),
(6, 4, 11, 2, '30000', '60000'),
(7, 4, 4, 2, '35000', '70000'),
(11, 6, 2, 1, '120000', '120000'),
(10, 6, 1, 1, '400000', '400000'),
(12, 7, 4, 1, '35000', '35000'),
(13, 8, 3, 1, '350000', '350000'),
(14, 9, 1, 1, '400000', '400000'),
(15, 9, 2, 1, '120000', '120000'),
(16, 9, 3, 1, '350000', '350000'),
(17, 9, 4, 1, '35000', '35000'),
(18, 10, 1, 1, '400000', '400000'),
(19, 10, 2, 1, '120000', '120000'),
(20, 10, 3, 1, '350000', '350000'),
(21, 11, 1, 1, '400000', '400000'),
(22, 11, 3, 1, '350000', '350000'),
(23, 12, 3, 2, '350000', '700000'),
(26, 15, 1, 1, '400000', '400000'),
(27, 16, 3, 1, '350000', '350000'),
(28, 24, 4, 1, '35000', '35000');

-- --------------------------------------------------------

--
-- Struktur dari tabel `pj_penjualan_master`
--

CREATE TABLE `pj_penjualan_master` (
  `id_penjualan_m` int(1) UNSIGNED NOT NULL,
  `nomor_nota` varchar(40) NOT NULL,
  `tanggal` datetime NOT NULL,
  `grand_total` decimal(10,0) NOT NULL,
  `bayar` decimal(10,0) NOT NULL,
  `keterangan_lain` text,
  `id_pelanggan` mediumint(1) UNSIGNED DEFAULT NULL,
  `id_user` mediumint(1) UNSIGNED NOT NULL
) ENGINE=MyISAM DEFAULT CHARSET=latin1;

--
-- Dumping data untuk tabel `pj_penjualan_master`
--

INSERT INTO `pj_penjualan_master` (`id_penjualan_m`, `nomor_nota`, `tanggal`, `grand_total`, `bayar`, `keterangan_lain`, `id_pelanggan`, `id_user`) VALUES
(2, '57431A97D5DF8', '2016-05-23 16:58:31', '155000', '160000', '', 3, 1),
(3, '57431BDDAFA9D2', '2016-05-23 17:03:57', '350000', '400000', '', 3, 2),
(4, '57445D46655AB1', '2016-05-24 15:55:18', '250000', '260000', '', NULL, 1),
(6, '576406086CB611', '2016-06-17 16:15:36', '520000', '550000', '', NULL, 1),
(7, '57655546C37441', '2016-06-18 16:05:58', '35000', '40000', '', NULL, 1),
(8, '57655552ABF781', '2016-06-18 16:06:10', '350000', '400000', '', NULL, 1),
(9, '577A31BABCDC51', '2016-07-04 11:51:54', '905000', '910000', '', NULL, 1),
(10, '577A3327991DC1', '2016-07-04 11:57:59', '870000', '880000', 'Dibayar Langsung', NULL, 1),
(11, '577A3793C67CB1', '2016-07-04 12:16:51', '750000', '750000', '', NULL, 1),
(12, '57CA627F897FB1', '2016-09-03 07:41:19', '700000', '800000', '', NULL, 1),
(15, '57CBD697806F61', '2016-09-04 10:08:55', '400000', '500000', '', NULL, 1),
(16, '5CF3D7BC3AE0D1', '2019-06-02 16:05:48', '350000', '400000', '', 10, 1),
(17, '5CF40668590811', '2019-06-02 19:24:56', '350000', '400000', '', NULL, 1),
(18, '5CF406D53C9AC1', '2019-06-02 19:26:45', '350000', '500000', '', NULL, 1),
(19, '5CF407781660B1', '2019-06-02 19:29:28', '35000', '2333333', '', NULL, 1),
(20, '5CF4085A0F65A1', '2019-06-02 19:33:14', '35000', '3444444', '', NULL, 1),
(21, '5CF409E249F0E1', '2019-06-02 19:39:46', '35000', '70000', '', NULL, 1),
(22, '5CF40A48610141', '2019-06-02 19:41:28', '120000', '800000', '', NULL, 1),
(23, '5CF40AD1EF4521', '2019-06-02 19:43:45', '35000', '60000', '', NULL, 1),
(24, '5CF40B3FEF57E1', '2019-06-02 19:45:35', '35000', '80000', '', NULL, 1);

-- --------------------------------------------------------

--
-- Struktur dari tabel `pj_user`
--

CREATE TABLE `pj_user` (
  `id_user` mediumint(1) UNSIGNED NOT NULL,
  `username` varchar(40) NOT NULL,
  `password` varchar(60) NOT NULL,
  `nama` varchar(50) NOT NULL,
  `id_akses` tinyint(1) UNSIGNED NOT NULL,
  `status` enum('Aktif','Non Aktif') NOT NULL,
  `dihapus` enum('tidak','ya') NOT NULL
) ENGINE=MyISAM DEFAULT CHARSET=latin1;

--
-- Dumping data untuk tabel `pj_user`
--

INSERT INTO `pj_user` (`id_user`, `username`, `password`, `nama`, `id_akses`, `status`, `dihapus`) VALUES
(1, 'admin', 'd033e22ae348aeb5660fc2140aec35850c4da997', 'Maman Sukana,S.Si.,Apt', 1, 'Aktif', 'tidak'),
(2, 'kasir', '8691e4fc53b99da544ce86e22acba62d13352eff', 'Centini', 2, 'Aktif', 'ya'),
(3, 'kasir2', '08dfc5f04f9704943a423ea5732b98d3567cbd49', 'Kasir Dua', 2, 'Aktif', 'ya'),
(4, 'jaka', '2ec22095503fe843326e7c19dd2ab98716b63e4d', 'Jaka Sembung', 3, 'Aktif', 'ya'),
(5, 'jaka', '2ec22095503fe843326e7c19dd2ab98716b63e4d', 'Jaka Sembung', 3, 'Aktif', 'ya'),
(6, 'joko', '97c358728f7f947c9a279ba9be88308395c7cc3a', 'Joko Haji', 4, 'Aktif', 'ya'),
(7, 'amir', '1dd89e5367785ba89076cd264daac0464fdf0d7b', 'amir', 3, 'Aktif', 'ya'),
(8, 'rizki', '40bd001563085fc35165329ea1ff5c5ecbdbbeef', 'rizki', 4, 'Aktif', 'ya'),
(9, 'zakaria', '40bd001563085fc35165329ea1ff5c5ecbdbbeef', 'rizki', 4, 'Aktif', 'ya'),
(10, 'rizki', '40bd001563085fc35165329ea1ff5c5ecbdbbeef', 'rizki', 4, 'Aktif', 'tidak');

--
-- Indexes for dumped tables
--

--
-- Indeks untuk tabel `pj_akses`
--
ALTER TABLE `pj_akses`
  ADD PRIMARY KEY (`id_akses`);

--
-- Indeks untuk tabel `pj_barang`
--
ALTER TABLE `pj_barang`
  ADD PRIMARY KEY (`id_barang`);

--
-- Indeks untuk tabel `pj_ci_sessions`
--
ALTER TABLE `pj_ci_sessions`
  ADD KEY `ci_sessions_timestamp` (`timestamp`);

--
-- Indeks untuk tabel `pj_kategori_barang`
--
ALTER TABLE `pj_kategori_barang`
  ADD PRIMARY KEY (`id_kategori_barang`);

--
-- Indeks untuk tabel `pj_merk_barang`
--
ALTER TABLE `pj_merk_barang`
  ADD PRIMARY KEY (`id_merk_barang`);

--
-- Indeks untuk tabel `pj_pelanggan`
--
ALTER TABLE `pj_pelanggan`
  ADD PRIMARY KEY (`id_pelanggan`);

--
-- Indeks untuk tabel `pj_penjualan_detail`
--
ALTER TABLE `pj_penjualan_detail`
  ADD PRIMARY KEY (`id_penjualan_d`);

--
-- Indeks untuk tabel `pj_penjualan_master`
--
ALTER TABLE `pj_penjualan_master`
  ADD PRIMARY KEY (`id_penjualan_m`);

--
-- Indeks untuk tabel `pj_user`
--
ALTER TABLE `pj_user`
  ADD PRIMARY KEY (`id_user`);

--
-- AUTO_INCREMENT untuk tabel yang dibuang
--

--
-- AUTO_INCREMENT untuk tabel `pj_akses`
--
ALTER TABLE `pj_akses`
  MODIFY `id_akses` tinyint(1) UNSIGNED NOT NULL AUTO_INCREMENT, AUTO_INCREMENT=5;

--
-- AUTO_INCREMENT untuk tabel `pj_barang`
--
ALTER TABLE `pj_barang`
  MODIFY `id_barang` int(1) UNSIGNED NOT NULL AUTO_INCREMENT, AUTO_INCREMENT=18;

--
-- AUTO_INCREMENT untuk tabel `pj_kategori_barang`
--
ALTER TABLE `pj_kategori_barang`
  MODIFY `id_kategori_barang` mediumint(1) UNSIGNED NOT NULL AUTO_INCREMENT, AUTO_INCREMENT=10;

--
-- AUTO_INCREMENT untuk tabel `pj_merk_barang`
--
ALTER TABLE `pj_merk_barang`
  MODIFY `id_merk_barang` mediumint(1) UNSIGNED NOT NULL AUTO_INCREMENT, AUTO_INCREMENT=18;

--
-- AUTO_INCREMENT untuk tabel `pj_pelanggan`
--
ALTER TABLE `pj_pelanggan`
  MODIFY `id_pelanggan` mediumint(1) UNSIGNED NOT NULL AUTO_INCREMENT, AUTO_INCREMENT=23;

--
-- AUTO_INCREMENT untuk tabel `pj_penjualan_detail`
--
ALTER TABLE `pj_penjualan_detail`
  MODIFY `id_penjualan_d` int(1) UNSIGNED NOT NULL AUTO_INCREMENT, AUTO_INCREMENT=29;

--
-- AUTO_INCREMENT untuk tabel `pj_penjualan_master`
--
ALTER TABLE `pj_penjualan_master`
  MODIFY `id_penjualan_m` int(1) UNSIGNED NOT NULL AUTO_INCREMENT, AUTO_INCREMENT=25;

--
-- AUTO_INCREMENT untuk tabel `pj_user`
--
ALTER TABLE `pj_user`
  MODIFY `id_user` mediumint(1) UNSIGNED NOT NULL AUTO_INCREMENT, AUTO_INCREMENT=11;
COMMIT;

/*!40101 SET CHARACTER_SET_CLIENT=@OLD_CHARACTER_SET_CLIENT */;
/*!40101 SET CHARACTER_SET_RESULTS=@OLD_CHARACTER_SET_RESULTS */;
/*!40101 SET COLLATION_CONNECTION=@OLD_COLLATION_CONNECTION */;
